<?xml version="1.0"?>
<!--
/**
 * @author Amasty Team
 * @copyright Copyright (c) 2015 Amasty (https://www.amasty.com)
 * @package Amasty_Geoip
 */
-->
<!--
    Copyright (c) 2014 Amasty (http://www.amasty.com)
-->
<config>
    <acl>
        <resources>
            <admin>
                <children>
                    <system>
                        <children>
                            <config>
                                <children>
                                    <amgeoip translate="title" module="amgeoip">
                                        <title>Geo Ip Data</title>
                                    </amgeoip>
                                </children>
                            </config>
                        </children>
                    </system>
                </children>
            </admin>
        </resources>
    </acl>
</config>