<?xml version="1.0"?>
<!--
/**
 * ISAAC Catalog Category Search
 *
 * NOTICE OF LICENSE
 *
 * This source file is subject to the Open Software License (OSL 3.0)
 * that is available through the world-wide-web at this URL:
 * http://opensource.org/licenses/osl-3.0.php
 *
 * DISCLAIMER
 *
 * Do not edit or add to this file if you wish to upgrade Magento to newer
 * versions in the future. If you wish to customize Magento for your
 * needs please refer to http://www.magentocommerce.com for more information.
 *
 * @category    ISAAC
 * @package     ISAAC_CatalogCategorySearch
 * @copyright   Copyright (c) 2011 ISAAC Software Solutions B.V. (http://www.isaac.nl)
 * @license     http://opensource.org/licenses/osl-3.0.php  Open Software License (OSL 3.0)
 * @author      Aad Mathijssen
 * @version     1.0.0
 */
-->
<config>
    <modules>
        <ISAAC_CatalogCategorySearch>
            <active>true</active>
            <codePool>community</codePool>
                <depends>
                    <Mage_CatalogSearch/>
                </depends>
        </ISAAC_CatalogCategorySearch>
    </modules>
</config>
