<?xml version="1.0"?>
<!--
/**
 * Magento
 *
 * NOTICE OF LICENSE
 *
 * This source file is subject to the Academic Free License (AFL 3.0)
 * that is bundled with this package in the file LICENSE_AFL.txt.
 * It is also available through the world-wide-web at this URL:
 * http://opensource.org/licenses/afl-3.0.php
 * If you did not receive a copy of the license and are unable to
 * obtain it through the world-wide-web, please send an email
 * to license@magentocommerce.com so we can send you a copy immediately.
 *
 * DISCLAIMER
 *
 * Do not edit or add to this file if you wish to upgrade Magento to newer
 * versions in the future. If you wish to customize Magento for your
 * needs please refer to http://www.magentocommerce.com for more information.
 *
 * @category    Mage
 * @package     Mage_Adminhtml
 * @copyright   Copyright (c) 2010 Magento Inc. (http://www.magentocommerce.com)
 * @license     http://opensource.org/licenses/afl-3.0.php  Academic Free License (AFL 3.0)
 */
-->
<config>
   <menu>
		<system>
			<children>
				<itoris_extensions >
					<title>IToris Extensions</title> 
					<children>
						<itoris_installer>
							<title>IToris Installer</title> 
							<action>itoris_installer/admin_index</action>
							<sort_order>0</sort_order>
						</itoris_installer>
					</children>
				</itoris_extensions>
			</children>
		</system>
	</menu>
	<acl>
		<resources>
			<admin>
				<children>
					<system>
						<children>
							<itoris_extensions>
								<title>IToris Extensions</title>
								<children>
								<itoris_installer>
									<title>IToris Installer</title> 
								</itoris_installer>
							</children>
							</itoris_extensions>
						</children>
					</system>
				</children>
			</admin>
		</resources>
	</acl>
</config>
